ra,dec,mjd_i,u,g,r,i,z,objID,err_i
12.1935585596158,-0.769992865785299,52552.34309687,22.34264,21.71053,20.85894,20.23252,19.51501,1237659904789578364,0.06052143
12.1935676673466,-0.769989795092232,52963.17471733,22.81503,22.45879,21.49525,20.71774,19.88214,1237663783128990232,0.0588513
12.1935730791698,-0.769971861441486,52558.3518048,22.3145,22.24404,21.58716,20.63114,20.00735,1237660025045975426,0.06164547
12.1935731019665,-0.769980213592133,52586.24410767,21.72761,21.4708,20.65679,20.12405,19.42412,1237660355752755699,0.08018738
12.1935750621962,-0.769990690432113,53352.1457467599,22.35293,21.87422,21.09495,20.58514,19.83834,1237667171857727978,0.07406912
12.1935806382688,-0.76998654954112,54424.20414964,21.2756,21.66333,20.61791,20.10819,19.30777,1237676324423008619,0.1186619
12.19361503707,-0.769996693444587,52522.34884536,21.64928,21.76975,20.99084,20.19212,19.72328,1237659754449142208,0.07065767
12.193610643013,-0.769995382814116,52577.23916663,22.83411,22.0626,21.25747,20.50607,20.06974,1237660222616633915,0.06600522
12.1935973188868,-0.769947284666886,52910.32426924,23.40674,23.39971,21.8544,21.0995,20.47848,1237663276322456185,0.07143638
